{
  "trips": {
    "current": {
      "start": [17.385044, 78.486671],
      "destination": [17.448, 78.494]
    },
    "previous": {
      "start": [17.420, 78.460],
      "destination": [17.360, 78.490]
    },
    "weekly": {
      "start": [17.398, 78.475],
      "destination": [17.380, 78.510]
    },
    "default": {
      "start": [17.385044, 78.486671],
      "destination": [17.400, 78.480]
    }
  }
}
