{
    "trips": {
      "current": {
        "start": [17.385044, 78.486671],
        "destination": [20.385044, 81.486671]
      },
      "previous": {
        "start": [28.467182, 77.252451],
        "destination": [18.705440, 72.984322]
      },
      "weekly": {
        "start": [25.332545, 81.913764],
        "destination": [27.658443, 85.331747]
      },
      "default": {
        "start": [32.501716, 77.634486],
        "destination": [28.628942, 77.214181]
      }
    }
  }
  